<?xml version="1.0" encoding="UTF-8"?>
<project-private xmlns="http://www.netbeans.org/ns/project-private/1">
    <editor-bookmarks xmlns="http://www.netbeans.org/ns/editor-bookmarks/2" lastBookmarkId="0"/>
    <open-files xmlns="http://www.netbeans.org/ns/projectui-open-files/2">
        <group>
            <file>file:/Users/macstudent/Desktop/Day1_Basic_Concepts/src/Hello_java.java</file>
            <file>file:/Users/macstudent/Desktop/Day1_Basic_Concepts/src/day1_basic_concepts/Day1_Basic_Concepts.java</file>
        </group>
    </open-files>
</project-private>
